{"cameraMode":{"drawMode":0,"name":"Shaded","section":"Shading Mode"},"sceneLighting":true,"audioPlay":false,"sceneViewState":{"showFog":true,"showMaterialUpdate":true,"showSkybox":true,"showFlares":true,"showImageEffects":true,"showParticleSystems":true},"in2DMode":false,"pivot":{"x":-2.5663366317749025,"y":1.936819314956665,"z":-1.943390965461731},"rotation":{"x":-0.009095915593206883,"y":0.9732643961906433,"z":-0.22614872455596925,"w":-0.03914511948823929},"size":19.160655975341798,"orthographic":false}