{"cameraMode":{"drawMode":0,"name":"Shaded","section":"Shading Mode"},"sceneLighting":true,"audioPlay":false,"sceneViewState":{"showFog":true,"showMaterialUpdate":true,"showSkybox":true,"showFlares":true,"showImageEffects":true,"showParticleSystems":true},"in2DMode":false,"pivot":{"x":-2.3074123859405519,"y":4.7427167892456059,"z":7.642908573150635},"rotation":{"x":-0.06725210696458817,"y":0.9195137023925781,"z":-0.18047621846199037,"w":-0.3426465094089508},"size":7.643308162689209,"orthographic":false}