{"cameraMode":{"drawMode":0,"name":"Shaded","section":"Shading Mode"},"sceneLighting":true,"audioPlay":false,"sceneViewState":{"showFog":true,"showMaterialUpdate":true,"showSkybox":true,"showFlares":true,"showImageEffects":true,"showParticleSystems":true},"in2DMode":false,"pivot":{"x":-1.183589220046997,"y":-0.15912966430187226,"z":1.4640119075775147},"rotation":{"x":-0.11499103158712387,"y":0.8756245374679565,"z":-0.3929319679737091,"w":-0.2562502920627594},"size":13.893428802490235,"orthographic":false}