{"cameraMode":{"drawMode":0,"name":"Shaded","section":"Shading Mode"},"sceneLighting":true,"audioPlay":false,"sceneViewState":{"showFog":true,"showMaterialUpdate":false,"showSkybox":true,"showFlares":true,"showImageEffects":true,"showParticleSystems":true},"in2DMode":false,"pivot":{"x":-1.676093578338623,"y":1.74609375,"z":1.8672657012939454},"rotation":{"x":-0.1534864753484726,"y":-0.8329341411590576,"z":0.2847403287887573,"w":-0.448982834815979},"size":13.71198844909668,"orthographic":true}