{"cameraMode":{"drawMode":0,"name":"Shaded","section":"Shading Mode"},"sceneLighting":true,"audioPlay":false,"sceneViewState":{"showFog":true,"showMaterialUpdate":false,"showSkybox":true,"showFlares":true,"showImageEffects":true,"showParticleSystems":true},"in2DMode":false,"pivot":{"x":-8.019000053405762,"y":4.024306297302246,"z":7.006820201873779},"rotation":{"x":0.056903447955846789,"y":0.9240277409553528,"z":-0.3462252914905548,"w":0.1518682986497879},"size":3.3475027084350588,"orthographic":true}