{"cameraMode":{"drawMode":0,"name":"Shaded","section":"Shading Mode"},"sceneLighting":true,"audioPlay":false,"sceneViewState":{"showFog":true,"showMaterialUpdate":false,"showSkybox":true,"showFlares":true,"showImageEffects":true,"showParticleSystems":true},"in2DMode":false,"pivot":{"x":-0.8713808059692383,"y":6.398545265197754,"z":7.199234485626221},"rotation":{"x":0.056903447955846789,"y":0.9240277409553528,"z":-0.3462252914905548,"w":0.1518682986497879},"size":3.1404385566711427,"orthographic":true}