{"cameraMode":{"drawMode":0,"name":"Shaded","section":"Shading Mode"},"sceneLighting":true,"audioPlay":false,"sceneViewState":{"showFog":true,"showMaterialUpdate":false,"showSkybox":true,"showFlares":true,"showImageEffects":true,"showParticleSystems":true},"in2DMode":false,"pivot":{"x":-3.8610410690307619,"y":5.865126609802246,"z":6.677718639373779},"rotation":{"x":0.056903447955846789,"y":0.9240277409553528,"z":-0.3462252914905548,"w":0.1518682986497879},"size":6.546635627746582,"orthographic":true}