{"cameraMode":{"drawMode":0,"name":"Shaded","section":"Shading Mode"},"sceneLighting":true,"audioPlay":false,"sceneViewState":{"showFog":true,"showMaterialUpdate":false,"showSkybox":true,"showFlares":true,"showImageEffects":true,"showParticleSystems":true},"in2DMode":false,"pivot":{"x":-1.1599966287612916,"y":5.79829740524292,"z":8.539957046508789},"rotation":{"x":-0.11385584622621536,"y":0.6662951111793518,"z":-0.1039808914065361,"w":-0.7295723557472229},"size":1.2146375179290772,"orthographic":false}